Datetime,Water Level (m)
2025-04-22 18:00:00,-1.1871582
2025-04-22 19:00:00,-1.1631799
2025-04-22 20:00:00,-0.7557222
2025-04-22 21:00:00,-0.1953471
2025-04-22 22:00:00,0.34074953
2025-04-22 23:00:00,0.76813245
2025-04-23 00:00:00,0.99257207
2025-04-23 01:00:00,0.9405721
2025-04-23 02:00:00,0.6278382
2025-04-23 03:00:00,0.1360665
2025-04-23 04:00:00,-0.3914304
2025-04-23 05:00:00,-0.8456623
2025-04-23 06:00:00,-1.1247783
2025-04-23 07:00:00,-1.1073775
2025-04-23 08:00:00,-0.70101386
2025-04-23 09:00:00,-0.13505068
2025-04-23 10:00:00,0.42048365
2025-04-23 11:00:00,0.9232214
2025-04-23 12:00:00,1.2770137
2025-04-23 13:00:00,1.3489379
2025-04-23 14:00:00,1.1181941
2025-04-23 15:00:00,0.64459074
2025-04-23 16:00:00,0.05663499
2025-04-23 17:00:00,-0.53548044
2025-04-23 18:00:00,-1.0246189
2025-04-23 19:00:00,-1.3253361
2025-04-23 20:00:00,-1.3082138
2025-04-23 21:00:00,-0.8356164
2025-04-23 22:00:00,-0.15245043
2025-04-23 23:00:00,0.5115621
2025-04-24 00:00:00,1.0555032
2025-04-24 01:00:00,1.3429681
2025-04-24 02:00:00,1.2725787
2025-04-24 03:00:00,0.87885255
2025-04-24 04:00:00,0.27443743
2025-04-24 05:00:00,-0.3646782
2025-04-24 06:00:00,-0.933467
2025-04-24 07:00:00,-1.3272171
2025-04-24 08:00:00,-1.4173403
2025-04-24 09:00:00,-1.02667
2025-04-24 10:00:00,-0.30992663
2025-04-24 11:00:00,0.48777607
2025-04-24 12:00:00,1.2215317
2025-04-24 13:00:00,1.7006855
2025-04-24 14:00:00,1.7671498
2025-04-24 15:00:00,1.3945695
2025-04-24 16:00:00,0.7098796
2025-04-24 17:00:00,-0.07220387
2025-04-24 18:00:00,-0.7949396
2025-04-24 19:00:00,-1.3527205
2025-04-24 20:00:00,-1.6631986
2025-04-24 21:00:00,-1.5463523
2025-04-24 22:00:00,-0.86463714
2025-04-24 23:00:00,0.016776096
2025-04-25 00:00:00,0.8579242
2025-04-25 01:00:00,1.5078748
2025-04-25 02:00:00,1.8108578
2025-04-25 03:00:00,1.6642593
2025-04-25 04:00:00,1.13876
2025-04-25 05:00:00,0.39339757
2025-04-25 06:00:00,-0.3828161
2025-04-25 07:00:00,-1.0486039
2025-04-25 08:00:00,-1.5016309
2025-04-25 09:00:00,-1.6189334
2025-04-25 10:00:00,-1.1094271
2025-04-25 11:00:00,-0.22083758
2025-04-25 12:00:00,0.75709677
2025-04-25 13:00:00,1.5797207
2025-04-25 14:00:00,2.0376306
2025-04-25 15:00:00,1.9912112
2025-04-25 16:00:00,1.4666913
2025-04-25 17:00:00,0.637051
2025-04-25 18:00:00,-0.2303656
2025-04-25 19:00:00,-0.9923397
2025-04-25 20:00:00,-1.5828846
2025-04-25 21:00:00,-1.923435
2025-04-25 22:00:00,-1.7273104
2025-04-25 23:00:00,-0.8895717
2025-04-26 00:00:00,0.16446677
2025-04-26 01:00:00,1.1516324
2025-04-26 02:00:00,1.8613638
2025-04-26 03:00:00,2.128377
2025-04-26 04:00:00,1.8552357
2025-04-26 05:00:00,1.1522132
2025-04-26 06:00:00,0.24498376
2025-04-26 07:00:00,-0.60575557
2025-04-26 08:00:00,-1.2847505
2025-04-26 09:00:00,-1.7238991
2025-04-26 10:00:00,-1.7446232
2025-04-26 11:00:00,-1.0493495
2025-04-26 12:00:00,-0.036678936
2025-04-26 13:00:00,0.98982614
2025-04-26 14:00:00,1.7513647
2025-04-26 15:00:00,2.1425788
2025-04-26 16:00:00,2.0077322
2025-04-26 17:00:00,1.3567286
2025-04-26 18:00:00,0.42214772
2025-04-26 19:00:00,-0.47179917
2025-04-26 20:00:00,-1.2255948
2025-04-26 21:00:00,-1.7687054
2025-04-26 22:00:00,-2.0091546
2025-04-26 23:00:00,-1.5991693
2025-04-27 00:00:00,-0.67359155
2025-04-27 01:00:00,0.46345735
2025-04-27 02:00:00,1.4654804
2025-04-27 03:00:00,2.1180258
2025-04-27 04:00:00,2.27805
2025-04-27 05:00:00,1.8845516
2025-04-27 06:00:00,1.0628144
2025-04-27 07:00:00,0.103216335
2025-04-27 08:00:00,-0.7574031
2025-04-27 09:00:00,-1.4354184
2025-04-27 10:00:00,-1.8639872
2025-04-27 11:00:00,-1.789988
2025-04-27 12:00:00,-0.9444215
2025-04-27 13:00:00,0.1914219
2025-04-27 14:00:00,1.2628022
2025-04-27 15:00:00,2.0468097
2025-04-27 16:00:00,2.288658
2025-04-27 17:00:00,1.8307052
2025-04-27 18:00:00,0.9473945
2025-04-27 19:00:00,-0.03344708
2025-04-27 20:00:00,-0.89343613
2025-04-27 21:00:00,-1.5927517
2025-04-27 22:00:00,-2.0769627
2025-04-27 23:00:00,-2.155541
2025-04-28 00:00:00,-1.4298537
2025-04-28 01:00:00,-0.34827948
2025-04-28 02:00:00,0.8300233
2025-04-28 03:00:00,1.766656
2025-04-28 04:00:00,2.2800853
2025-04-28 05:00:00,2.2468476
2025-04-28 06:00:00,1.6599939
2025-04-28 07:00:00,0.73118395
2025-04-28 08:00:00,-0.22556731
2025-04-28 09:00:00,-1.0424675
2025-04-28 10:00:00,-1.6627046
2025-04-28 11:00:00,-1.9812351
2025-04-28 12:00:00,-1.6272191
2025-04-28 13:00:00,-0.7056243
2025-04-28 14:00:00,0.48643956
2025-04-28 15:00:00,1.4829128
2025-04-28 16:00:00,2.047484
2025-04-28 17:00:00,1.9831467
2025-04-28 18:00:00,1.4166582
